<?xml version="1.0" encoding="UTF-8"?>
<project-private xmlns="http://www.netbeans.org/ns/project-private/1">
    <editor-bookmarks xmlns="http://www.netbeans.org/ns/editor-bookmarks/2" lastBookmarkId="0"/>
    <open-files xmlns="http://www.netbeans.org/ns/projectui-open-files/2">
        <group>
            <file>file:/C:/Users/joao.lslima1/Desktop/SENAC-PI3--master/ThePawnsSaga/src/Game/Game.java</file>
            <file>file:/C:/Users/joao.lslima1/Desktop/SENAC-PI3--master/ThePawnsSaga/src/Game/Ball.java</file>
            <file>file:/C:/Users/joao.lslima1/Desktop/SENAC-PI3--master/ThePawnsSaga/src/Game/Racquet.java</file>
        </group>
    </open-files>
</project-private>
