<?xml version="1.0" encoding="UTF-8"?>
<project-private xmlns="http://www.netbeans.org/ns/project-private/1">
    <editor-bookmarks xmlns="http://www.netbeans.org/ns/editor-bookmarks/2" lastBookmarkId="0"/>
    <open-files xmlns="http://www.netbeans.org/ns/projectui-open-files/2">
        <group>
            <file>file:/C:/Users/jlsl4/Desktop/IA-master/a_hater/src/a_hater/No.java</file>
            <file>file:/C:/Users/jlsl4/Desktop/IA-master/a_hater/src/a_hater/Estrela.java</file>
            <file>file:/C:/Users/jlsl4/Desktop/IA-master/a_hater/src/a_hater/A_hater.java</file>
        </group>
    </open-files>
</project-private>
